timestamp,node_id,node_name,pod_name,usage_cpu,usage_memory,elapsed_sec,simulated_hours
2025-02-24 15:18:43.799451,1f4669df-f1ac-4f87-9eac-abf76b4e93cf,clever-tarek-w1,recommendationservice-7fd87c699b-lcrlq,3521445,44780,0.0,0.0
2025-02-24 15:18:45.826411,1f4669df-f1ac-4f87-9eac-abf76b4e93cf,clever-tarek-w1,recommendationservice-7fd87c699b-lcrlq,3521445,44780,2.02696,0.07977787778962782
2025-02-24 15:18:47.849792,1f4669df-f1ac-4f87-9eac-abf76b4e93cf,clever-tarek-w1,recommendationservice-7fd87c699b-lcrlq,3578676,44776,4.050341,0.15941489190922314
2025-02-24 15:18:49.875866,1f4669df-f1ac-4f87-9eac-abf76b4e93cf,clever-tarek-w1,recommendationservice-7fd87c699b-lcrlq,3578676,44776,6.076415,0.23915789816723632
2025-02-24 15:18:51.898074,1f4669df-f1ac-4f87-9eac-abf76b4e93cf,clever-tarek-w1,recommendationservice-7fd87c699b-lcrlq,3578676,44776,8.098623,0.31874874489791066
2025-02-24 15:18:53.925562,1f4669df-f1ac-4f87-9eac-abf76b4e93cf,clever-tarek-w1,recommendationservice-7fd87c699b-lcrlq,3578676,44776,10.126111,0.3985474039163111
2025-02-24 15:18:55.951355,1f4669df-f1ac-4f87-9eac-abf76b4e93cf,clever-tarek-w1,recommendationservice-7fd87c699b-lcrlq,3578676,44776,12.151904,0.47827935046734493
2025-02-24 15:18:57.977586,1f4669df-f1ac-4f87-9eac-abf76b4e93cf,clever-tarek-w1,recommendationservice-7fd87c699b-lcrlq,3578676,44776,14.178135,0.5580285359922469
2025-02-24 15:19:00.004725,1f4669df-f1ac-4f87-9eac-abf76b4e93cf,clever-tarek-w1,recommendationservice-7fd87c699b-lcrlq,3578676,44776,16.205274,0.6378134589332957
2025-02-24 15:19:02.029085,1f4669df-f1ac-4f87-9eac-abf76b4e93cf,clever-tarek-w1,recommendationservice-7fd87c699b-lcrlq,3578676,44776,18.229634,0.7174890049145737
2025-02-24 15:19:04.056993,1f4669df-f1ac-4f87-9eac-abf76b4e93cf,clever-tarek-w1,recommendationservice-7fd87c699b-lcrlq,24366786,45156,20.257542,0.7973041944558613
2025-02-24 15:19:06.084618,1f4669df-f1ac-4f87-9eac-abf76b4e93cf,clever-tarek-w1,recommendationservice-7fd87c699b-lcrlq,24366786,45156,22.285167,0.8771082455733942
2025-02-24 15:19:08.107242,1f4669df-f1ac-4f87-9eac-abf76b4e93cf,clever-tarek-w1,recommendationservice-7fd87c699b-lcrlq,24366786,45156,24.307791,0.9567154653934045
2025-02-24 15:19:10.133001,1f4669df-f1ac-4f87-9eac-abf76b4e93cf,clever-tarek-w1,recommendationservice-7fd87c699b-lcrlq,24366786,45156,26.33355,1.036446073759252
2025-02-24 15:19:12.159703,1f4669df-f1ac-4f87-9eac-abf76b4e93cf,clever-tarek-w1,recommendationservice-7fd87c699b-lcrlq,24366786,45156,28.360252,1.1162137970848205
2025-02-24 15:19:14.184172,1f4669df-f1ac-4f87-9eac-abf76b4e93cf,clever-tarek-w1,recommendationservice-7fd87c699b-lcrlq,24366786,45156,30.384721,1.1958936331303716
2025-02-24 15:19:16.210771,1f4669df-f1ac-4f87-9eac-abf76b4e93cf,clever-tarek-w1,recommendationservice-7fd87c699b-lcrlq,24366786,45156,32.41132,1.275657302541994
2025-02-24 15:19:18.230806,1f4669df-f1ac-4f87-9eac-abf76b4e93cf,clever-tarek-w1,recommendationservice-7fd87c699b-lcrlq,40893119,45192,34.431355,1.3551626234959204
2025-02-24 15:19:20.257836,1f4669df-f1ac-4f87-9eac-abf76b4e93cf,clever-tarek-w1,recommendationservice-7fd87c699b-lcrlq,40893119,45192,36.458385,1.434943256372696
2025-02-24 15:19:22.282515,1f4669df-f1ac-4f87-9eac-abf76b4e93cf,clever-tarek-w1,recommendationservice-7fd87c699b-lcrlq,40893119,45192,38.483064,1.5146313576796908
2025-02-24 15:19:24.308661,1f4669df-f1ac-4f87-9eac-abf76b4e93cf,clever-tarek-w1,recommendationservice-7fd87c699b-lcrlq,40893119,45192,40.50921,1.5943771977416277
2025-02-24 15:19:26.336138,1f4669df-f1ac-4f87-9eac-abf76b4e93cf,clever-tarek-w1,recommendationservice-7fd87c699b-lcrlq,40893119,45192,42.536687,1.6741754238177617
2025-02-24 15:19:28.360774,1f4669df-f1ac-4f87-9eac-abf76b4e93cf,clever-tarek-w1,recommendationservice-7fd87c699b-lcrlq,40893119,45192,44.561323,1.75386183271408
2025-02-24 15:19:30.387006,1f4669df-f1ac-4f87-9eac-abf76b4e93cf,clever-tarek-w1,recommendationservice-7fd87c699b-lcrlq,40893119,45192,46.587555,1.8336110575973699
2025-02-24 15:19:32.412111,1f4669df-f1ac-4f87-9eac-abf76b4e93cf,clever-tarek-w1,recommendationservice-7fd87c699b-lcrlq,45906853,45188,48.61266,1.9133159255775787
2025-02-24 15:19:34.436617,1f4669df-f1ac-4f87-9eac-abf76b4e93cf,clever-tarek-w1,recommendationservice-7fd87c699b-lcrlq,45906853,45188,50.637166,1.9929972178834792
2025-02-24 15:19:36.462471,1f4669df-f1ac-4f87-9eac-abf76b4e93cf,clever-tarek-w1,recommendationservice-7fd87c699b-lcrlq,45906853,45188,52.66302,2.0727315652961704
2025-02-24 15:19:38.488808,1f4669df-f1ac-4f87-9eac-abf76b4e93cf,clever-tarek-w1,recommendationservice-7fd87c699b-lcrlq,45906853,45188,54.689357,2.1524849228101823
2025-02-24 15:19:40.514594,1f4669df-f1ac-4f87-9eac-abf76b4e93cf,clever-tarek-w1,recommendationservice-7fd87c699b-lcrlq,45906853,45188,56.715143,2.232216593852501
2025-02-24 15:19:42.541745,1f4669df-f1ac-4f87-9eac-abf76b4e93cf,clever-tarek-w1,recommendationservice-7fd87c699b-lcrlq,45906853,45188,58.742294,2.312001989094204
2025-02-24 15:19:44.566999,1f4669df-f1ac-4f87-9eac-abf76b4e93cf,clever-tarek-w1,recommendationservice-7fd87c699b-lcrlq,45906853,45188,60.767548,2.391712721474199
2025-02-24 15:19:46.593781,1f4669df-f1ac-4f87-9eac-abf76b4e93cf,clever-tarek-w1,recommendationservice-7fd87c699b-lcrlq,45906853,45188,62.79433,2.471483593470794
2025-02-24 15:19:48.621529,1f4669df-f1ac-4f87-9eac-abf76b4e93cf,clever-tarek-w1,recommendationservice-7fd87c699b-lcrlq,46263052,44908,64.822078,2.551292485670029
2025-02-24 15:19:50.649302,1f4669df-f1ac-4f87-9eac-abf76b4e93cf,clever-tarek-w1,recommendationservice-7fd87c699b-lcrlq,46263052,44908,66.849851,2.6311023618289604
2025-02-24 15:19:52.676534,1f4669df-f1ac-4f87-9eac-abf76b4e93cf,clever-tarek-w1,recommendationservice-7fd87c699b-lcrlq,46263052,44908,68.877083,2.710890945100077
2025-02-24 15:19:54.705314,1f4669df-f1ac-4f87-9eac-abf76b4e93cf,clever-tarek-w1,recommendationservice-7fd87c699b-lcrlq,46263052,44908,70.905863,2.7907404551555497
2025-02-24 15:19:56.733362,1f4669df-f1ac-4f87-9eac-abf76b4e93cf,clever-tarek-w1,recommendationservice-7fd87c699b-lcrlq,46263052,44908,72.933911,2.870561154871133
2025-02-24 15:19:58.759512,1f4669df-f1ac-4f87-9eac-abf76b4e93cf,clever-tarek-w1,recommendationservice-7fd87c699b-lcrlq,46263052,44908,74.960061,2.950307152366621
2025-02-24 15:20:00.785474,1f4669df-f1ac-4f87-9eac-abf76b4e93cf,clever-tarek-w1,recommendationservice-7fd87c699b-lcrlq,46263052,44908,76.986023,3.030045750485198
2025-02-24 15:20:02.813585,1f4669df-f1ac-4f87-9eac-abf76b4e93cf,clever-tarek-w1,recommendationservice-7fd87c699b-lcrlq,51452140,45000,79.014134,3.1098689297792146
2025-02-24 15:20:04.840462,1f4669df-f1ac-4f87-9eac-abf76b4e93cf,clever-tarek-w1,recommendationservice-7fd87c699b-lcrlq,51452140,45000,81.041011,3.1896435408226522
2025-02-24 15:20:06.867049,1f4669df-f1ac-4f87-9eac-abf76b4e93cf,clever-tarek-w1,recommendationservice-7fd87c699b-lcrlq,51452140,45000,83.067598,3.269406737933621
2025-02-24 15:20:08.891131,1f4669df-f1ac-4f87-9eac-abf76b4e93cf,clever-tarek-w1,recommendationservice-7fd87c699b-lcrlq,51452140,45000,85.09168,3.3490713422830827
2025-02-24 15:20:10.917877,1f4669df-f1ac-4f87-9eac-abf76b4e93cf,clever-tarek-w1,recommendationservice-7fd87c699b-lcrlq,51452140,45000,87.118426,3.4288407973777155
2025-02-24 15:20:12.944506,1f4669df-f1ac-4f87-9eac-abf76b4e93cf,clever-tarek-w1,recommendationservice-7fd87c699b-lcrlq,51452140,45000,89.145055,3.508605647540973
2025-02-24 15:20:14.970406,1f4669df-f1ac-4f87-9eac-abf76b4e93cf,clever-tarek-w1,recommendationservice-7fd87c699b-lcrlq,51452140,45000,91.170955,3.5883418054395047
2025-02-24 15:20:16.995493,1f4669df-f1ac-4f87-9eac-abf76b4e93cf,clever-tarek-w1,recommendationservice-7fd87c699b-lcrlq,51452140,45000,93.196042,3.6680459649687327
2025-02-24 15:20:19.022222,1f4669df-f1ac-4f87-9eac-abf76b4e93cf,clever-tarek-w1,recommendationservice-7fd87c699b-lcrlq,53987921,45016,95.222771,3.7478147509707718
2025-02-24 15:20:21.049487,1f4669df-f1ac-4f87-9eac-abf76b4e93cf,clever-tarek-w1,recommendationservice-7fd87c699b-lcrlq,53987921,45016,97.250036,3.827604633068687
2025-02-24 15:20:23.075586,1f4669df-f1ac-4f87-9eac-abf76b4e93cf,clever-tarek-w1,recommendationservice-7fd87c699b-lcrlq,53987921,45016,99.276135,3.907348623286396
2025-02-24 15:20:25.101961,1f4669df-f1ac-4f87-9eac-abf76b4e93cf,clever-tarek-w1,recommendationservice-7fd87c699b-lcrlq,53987921,45016,101.30251,3.9871034764191453
2025-02-24 15:20:27.127275,1f4669df-f1ac-4f87-9eac-abf76b4e93cf,clever-tarek-w1,recommendationservice-7fd87c699b-lcrlq,53987921,45016,103.327824,4.06681657030241
2025-02-24 15:20:29.153190,1f4669df-f1ac-4f87-9eac-abf76b4e93cf,clever-tarek-w1,recommendationservice-7fd87c699b-lcrlq,53987921,45016,105.353739,4.146553318576759
2025-02-24 15:20:31.179964,1f4669df-f1ac-4f87-9eac-abf76b4e93cf,clever-tarek-w1,recommendationservice-7fd87c699b-lcrlq,53987921,45016,107.380513,4.2263238757062505
2025-02-24 15:20:33.203938,1f4669df-f1ac-4f87-9eac-abf76b4e93cf,clever-tarek-w1,recommendationservice-7fd87c699b-lcrlq,51488413,45036,109.404487,4.305984229349827
2025-02-24 15:20:35.230543,1f4669df-f1ac-4f87-9eac-abf76b4e93cf,clever-tarek-w1,recommendationservice-7fd87c699b-lcrlq,51488413,45036,111.431092,4.385748134911777
2025-02-24 15:20:37.254784,1f4669df-f1ac-4f87-9eac-abf76b4e93cf,clever-tarek-w1,recommendationservice-7fd87c699b-lcrlq,51488413,45036,113.455333,4.465418997244902
2025-02-24 15:20:39.281580,1f4669df-f1ac-4f87-9eac-abf76b4e93cf,clever-tarek-w1,recommendationservice-7fd87c699b-lcrlq,51488413,45036,115.482129,4.545190420258927
2025-02-24 15:20:41.308065,1f4669df-f1ac-4f87-9eac-abf76b4e93cf,clever-tarek-w1,recommendationservice-7fd87c699b-lcrlq,51488413,45036,117.508614,4.624949602814337
2025-02-24 15:20:43.335681,1f4669df-f1ac-4f87-9eac-abf76b4e93cf,clever-tarek-w1,recommendationservice-7fd87c699b-lcrlq,51488413,45036,119.53623,4.70475329970638
2025-02-24 15:20:45.362968,1f4669df-f1ac-4f87-9eac-abf76b4e93cf,clever-tarek-w1,recommendationservice-7fd87c699b-lcrlq,51488413,45036,121.563517,4.784544047688827
2025-02-24 15:20:47.388026,1f4669df-f1ac-4f87-9eac-abf76b4e93cf,clever-tarek-w1,recommendationservice-7fd87c699b-lcrlq,51488413,45036,123.588575,4.8642470658248085
2025-02-24 15:20:49.414553,1f4669df-f1ac-4f87-9eac-abf76b4e93cf,clever-tarek-w1,recommendationservice-7fd87c699b-lcrlq,49055728,45160,125.615102,4.9440079014325065
2025-02-24 15:20:51.441348,1f4669df-f1ac-4f87-9eac-abf76b4e93cf,clever-tarek-w1,recommendationservice-7fd87c699b-lcrlq,49055728,45160,127.641897,5.023779285088143
2025-02-24 15:20:53.470202,1f4669df-f1ac-4f87-9eac-abf76b4e93cf,clever-tarek-w1,recommendationservice-7fd87c699b-lcrlq,49055728,45160,129.670751,5.103631707664314
2025-02-24 15:20:55.495512,1f4669df-f1ac-4f87-9eac-abf76b4e93cf,clever-tarek-w1,recommendationservice-7fd87c699b-lcrlq,49055728,45160,131.696061,5.183344644114027
2025-02-24 15:20:57.523025,1f4669df-f1ac-4f87-9eac-abf76b4e93cf,clever-tarek-w1,recommendationservice-7fd87c699b-lcrlq,49055728,45160,133.723574,5.263144287092126
2025-02-24 15:20:59.549237,1f4669df-f1ac-4f87-9eac-abf76b4e93cf,clever-tarek-w1,recommendationservice-7fd87c699b-lcrlq,49055728,45160,135.749786,5.342892724807657
2025-02-24 15:21:01.575164,1f4669df-f1ac-4f87-9eac-abf76b4e93cf,clever-tarek-w1,recommendationservice-7fd87c699b-lcrlq,49055728,45160,137.775713,5.422629945382661
2025-02-24 15:21:03.600932,1f4669df-f1ac-4f87-9eac-abf76b4e93cf,clever-tarek-w1,recommendationservice-7fd87c699b-lcrlq,50581571,45048,139.801481,5.502360907973998
2025-02-24 15:21:05.628700,1f4669df-f1ac-4f87-9eac-abf76b4e93cf,clever-tarek-w1,recommendationservice-7fd87c699b-lcrlq,50581571,45048,141.829249,5.582170587340991
2025-02-24 15:21:07.656381,1f4669df-f1ac-4f87-9eac-abf76b4e93cf,clever-tarek-w1,recommendationservice-7fd87c699b-lcrlq,50581571,45048,143.85693,5.661976842528241
2025-02-24 15:21:09.683271,1f4669df-f1ac-4f87-9eac-abf76b4e93cf,clever-tarek-w1,recommendationservice-7fd87c699b-lcrlq,50581571,45048,145.88382,5.741751965230721
2025-02-24 15:21:11.711879,1f4669df-f1ac-4f87-9eac-abf76b4e93cf,clever-tarek-w1,recommendationservice-7fd87c699b-lcrlq,50581571,45048,147.912428,5.821594705643489
2025-02-24 15:21:13.738806,1f4669df-f1ac-4f87-9eac-abf76b4e93cf,clever-tarek-w1,recommendationservice-7fd87c699b-lcrlq,50581571,45048,149.939355,5.901371284606318
2025-02-24 15:21:15.764827,1f4669df-f1ac-4f87-9eac-abf76b4e93cf,clever-tarek-w1,recommendationservice-7fd87c699b-lcrlq,50581571,45048,151.965376,5.981112204869775
2025-02-24 15:21:17.792790,1f4669df-f1ac-4f87-9eac-abf76b4e93cf,clever-tarek-w1,recommendationservice-7fd87c699b-lcrlq,50518049,45216,153.993339,6.0609295591223935
2025-02-24 15:21:19.818328,1f4669df-f1ac-4f87-9eac-abf76b4e93cf,clever-tarek-w1,recommendationservice-7fd87c699b-lcrlq,50518049,45216,156.018877,6.140651469284532
2025-02-24 15:21:21.845098,1f4669df-f1ac-4f87-9eac-abf76b4e93cf,clever-tarek-w1,recommendationservice-7fd87c699b-lcrlq,50518049,45216,158.045647,6.2204218689804724
2025-02-24 15:21:23.868685,1f4669df-f1ac-4f87-9eac-abf76b4e93cf,clever-tarek-w1,recommendationservice-7fd87c699b-lcrlq,50518049,45216,160.069234,6.30006699092796
2025-02-24 15:21:25.896696,1f4669df-f1ac-4f87-9eac-abf76b4e93cf,clever-tarek-w1,recommendationservice-7fd87c699b-lcrlq,50518049,45216,162.097245,6.379886234383194
2025-02-24 15:21:27.922402,1f4669df-f1ac-4f87-9eac-abf76b4e93cf,clever-tarek-w1,recommendationservice-7fd87c699b-lcrlq,50518049,45216,164.122951,6.459614756754488
2025-02-24 15:21:29.948289,1f4669df-f1ac-4f87-9eac-abf76b4e93cf,clever-tarek-w1,recommendationservice-7fd87c699b-lcrlq,50518049,45216,166.148838,6.539350402993977
2025-02-24 15:21:31.969164,1f4669df-f1ac-4f87-9eac-abf76b4e93cf,clever-tarek-w1,recommendationservice-7fd87c699b-lcrlq,50518049,45216,168.169713,6.618888784993678
2025-02-24 15:21:33.996019,1f4669df-f1ac-4f87-9eac-abf76b4e93cf,clever-tarek-w1,recommendationservice-7fd87c699b-lcrlq,53351147,45212,170.196568,6.698662530152585
2025-02-24 15:21:36.022319,1f4669df-f1ac-4f87-9eac-abf76b4e93cf,clever-tarek-w1,recommendationservice-7fd87c699b-lcrlq,53351147,45212,172.222868,6.778414431406246
2025-02-24 15:21:38.049908,1f4669df-f1ac-4f87-9eac-abf76b4e93cf,clever-tarek-w1,recommendationservice-7fd87c699b-lcrlq,53351147,45212,174.250457,6.858217065621817
2025-02-24 15:21:40.074848,1f4669df-f1ac-4f87-9eac-abf76b4e93cf,clever-tarek-w1,recommendationservice-7fd87c699b-lcrlq,53351147,45212,176.275397,6.937915439468035
2025-02-24 15:21:42.101525,1f4669df-f1ac-4f87-9eac-abf76b4e93cf,clever-tarek-w1,recommendationservice-7fd87c699b-lcrlq,53351147,45212,178.302074,7.017682178833907
2025-02-24 15:21:44.128540,1f4669df-f1ac-4f87-9eac-abf76b4e93cf,clever-tarek-w1,recommendationservice-7fd87c699b-lcrlq,53351147,45212,180.329089,7.097462221334866
2025-02-24 15:21:46.154863,1f4669df-f1ac-4f87-9eac-abf76b4e93cf,clever-tarek-w1,recommendationservice-7fd87c699b-lcrlq,53351147,45212,182.355412,7.177215027831448
2025-02-24 15:21:48.181588,1f4669df-f1ac-4f87-9eac-abf76b4e93cf,clever-tarek-w1,recommendationservice-7fd87c699b-lcrlq,58843411,44940,184.382137,7.256983656399936
2025-02-24 15:21:50.209077,1f4669df-f1ac-4f87-9eac-abf76b4e93cf,clever-tarek-w1,recommendationservice-7fd87c699b-lcrlq,58843411,44940,186.409626,7.336782354776724
2025-02-24 15:21:52.237622,1f4669df-f1ac-4f87-9eac-abf76b4e93cf,clever-tarek-w1,recommendationservice-7fd87c699b-lcrlq,58843411,44940,188.438171,7.4166226156110575
2025-02-24 15:21:54.264663,1f4669df-f1ac-4f87-9eac-abf76b4e93cf,clever-tarek-w1,recommendationservice-7fd87c699b-lcrlq,58843411,44940,190.465212,7.4964036814301
2025-02-24 15:21:56.293966,1f4669df-f1ac-4f87-9eac-abf76b4e93cf,clever-tarek-w1,recommendationservice-7fd87c699b-lcrlq,58843411,44940,192.494515,7.576273775922406
2025-02-24 15:21:58.321727,1f4669df-f1ac-4f87-9eac-abf76b4e93cf,clever-tarek-w1,recommendationservice-7fd87c699b-lcrlq,58843411,44940,194.522276,7.656083179780683
2025-02-24 15:22:00.350132,1f4669df-f1ac-4f87-9eac-abf76b4e93cf,clever-tarek-w1,recommendationservice-7fd87c699b-lcrlq,58843411,44940,196.550681,7.735917930440721
2025-02-24 15:22:02.373059,1f4669df-f1ac-4f87-9eac-abf76b4e93cf,clever-tarek-w1,recommendationservice-7fd87c699b-lcrlq,58843411,44940,198.573608,7.815537075852243
2025-02-24 15:22:04.401673,1f4669df-f1ac-4f87-9eac-abf76b4e93cf,clever-tarek-w1,recommendationservice-7fd87c699b-lcrlq,64902329,45008,200.602222,7.895380052415336
2025-02-24 15:22:06.429547,1f4669df-f1ac-4f87-9eac-abf76b4e93cf,clever-tarek-w1,recommendationservice-7fd87c699b-lcrlq,64902329,45008,202.630096,7.975193903771438
2025-02-24 15:22:08.456664,1f4669df-f1ac-4f87-9eac-abf76b4e93cf,clever-tarek-w1,recommendationservice-7fd87c699b-lcrlq,64902329,45008,204.657213,8.054977960827955
2025-02-24 15:22:10.485628,1f4669df-f1ac-4f87-9eac-abf76b4e93cf,clever-tarek-w1,recommendationservice-7fd87c699b-lcrlq,64902329,45008,206.686177,8.134834712826787
2025-02-24 15:22:12.509916,1f4669df-f1ac-4f87-9eac-abf76b4e93cf,clever-tarek-w1,recommendationservice-7fd87c699b-lcrlq,64902329,45008,208.710465,8.214507425004141
2025-02-24 15:22:14.536817,1f4669df-f1ac-4f87-9eac-abf76b4e93cf,clever-tarek-w1,recommendationservice-7fd87c699b-lcrlq,64902329,45008,210.737366,8.294282980648887
2025-02-24 15:22:16.563016,1f4669df-f1ac-4f87-9eac-abf76b4e93cf,clever-tarek-w1,recommendationservice-7fd87c699b-lcrlq,64902329,45008,212.763565,8.374030906705379
2025-02-24 15:22:18.590124,1f4669df-f1ac-4f87-9eac-abf76b4e93cf,clever-tarek-w1,recommendationservice-7fd87c699b-lcrlq,78836455,45068,214.790673,8.453814609536405
2025-02-24 15:22:20.614592,1f4669df-f1ac-4f87-9eac-abf76b4e93cf,clever-tarek-w1,recommendationservice-7fd87c699b-lcrlq,78836455,45068,216.815141,8.53349440622357
2025-02-24 15:22:22.643361,1f4669df-f1ac-4f87-9eac-abf76b4e93cf,clever-tarek-w1,recommendationservice-7fd87c699b-lcrlq,78836455,45068,218.84391,8.613343483336774
2025-02-24 15:22:24.668944,1f4669df-f1ac-4f87-9eac-abf76b4e93cf,clever-tarek-w1,recommendationservice-7fd87c699b-lcrlq,78836455,45068,220.869493,8.693067164626365
2025-02-24 15:22:26.695700,1f4669df-f1ac-4f87-9eac-abf76b4e93cf,clever-tarek-w1,recommendationservice-7fd87c699b-lcrlq,78836455,45068,222.896249,8.772837013304878
2025-02-24 15:22:28.723493,1f4669df-f1ac-4f87-9eac-abf76b4e93cf,clever-tarek-w1,recommendationservice-7fd87c699b-lcrlq,78836455,45068,224.924042,8.852647676631562
2025-02-24 15:22:30.750867,1f4669df-f1ac-4f87-9eac-abf76b4e93cf,clever-tarek-w1,recommendationservice-7fd87c699b-lcrlq,78836455,45068,226.951416,8.932441848793752
2025-02-24 15:22:32.771859,1f4669df-f1ac-4f87-9eac-abf76b4e93cf,clever-tarek-w1,recommendationservice-7fd87c699b-lcrlq,78836455,45068,228.972408,9.011984835724828
2025-02-24 15:22:34.801704,1f4669df-f1ac-4f87-9eac-abf76b4e93cf,clever-tarek-w1,recommendationservice-7fd87c699b-lcrlq,93408400,45400,231.002253,9.091876262463337
2025-02-24 15:22:36.829575,1f4669df-f1ac-4f87-9eac-abf76b4e93cf,clever-tarek-w1,recommendationservice-7fd87c699b-lcrlq,93408400,45400,233.030124,9.171689995744275
2025-02-24 15:22:38.855174,1f4669df-f1ac-4f87-9eac-abf76b4e93cf,clever-tarek-w1,recommendationservice-7fd87c699b-lcrlq,93408400,45400,235.055723,9.251414306768071
2025-02-24 15:22:40.880774,1f4669df-f1ac-4f87-9eac-abf76b4e93cf,clever-tarek-w1,recommendationservice-7fd87c699b-lcrlq,93408400,45400,237.081323,9.331138657150255
2025-02-24 15:22:42.908731,1f4669df-f1ac-4f87-9eac-abf76b4e93cf,clever-tarek-w1,recommendationservice-7fd87c699b-lcrlq,93408400,45400,239.10928,9.410955775252546
2025-02-24 15:22:44.934289,1f4669df-f1ac-4f87-9eac-abf76b4e93cf,clever-tarek-w1,recommendationservice-7fd87c699b-lcrlq,93408400,45400,241.134838,9.49067847258244
2025-02-24 15:22:46.959023,1f4669df-f1ac-4f87-9eac-abf76b4e93cf,clever-tarek-w1,recommendationservice-7fd87c699b-lcrlq,93408400,45400,243.159572,9.570368738600765
2025-02-24 15:22:48.988291,1f4669df-f1ac-4f87-9eac-abf76b4e93cf,clever-tarek-w1,recommendationservice-7fd87c699b-lcrlq,101791601,45216,245.18884,9.6502374555495
2025-02-24 15:22:51.015676,1f4669df-f1ac-4f87-9eac-abf76b4e93cf,clever-tarek-w1,recommendationservice-7fd87c699b-lcrlq,101791601,45216,247.216225,9.73003206065395
2025-02-24 15:22:53.043501,1f4669df-f1ac-4f87-9eac-abf76b4e93cf,clever-tarek-w1,recommendationservice-7fd87c699b-lcrlq,101791601,45216,249.24405,9.80984398344905
2025-02-24 15:22:55.065380,1f4669df-f1ac-4f87-9eac-abf76b4e93cf,clever-tarek-w1,recommendationservice-7fd87c699b-lcrlq,101791601,45216,251.265929,9.889421881270128
2025-02-24 15:22:57.093269,1f4669df-f1ac-4f87-9eac-abf76b4e93cf,clever-tarek-w1,recommendationservice-7fd87c699b-lcrlq,101791601,45216,253.293818,9.969236323002049
2025-02-24 15:22:59.118710,1f4669df-f1ac-4f87-9eac-abf76b4e93cf,clever-tarek-w1,recommendationservice-7fd87c699b-lcrlq,101791601,45216,255.319259,10.048954415400567
2025-02-24 15:23:01.149636,1f4669df-f1ac-4f87-9eac-abf76b4e93cf,clever-tarek-w1,recommendationservice-7fd87c699b-lcrlq,101791601,45216,257.350185,10.128888388556318
2025-02-24 15:23:03.177488,1f4669df-f1ac-4f87-9eac-abf76b4e93cf,clever-tarek-w1,recommendationservice-7fd87c699b-lcrlq,101791601,45216,259.378037,10.208701374027886
2025-02-24 15:23:05.207498,1f4669df-f1ac-4f87-9eac-abf76b4e93cf,clever-tarek-w1,recommendationservice-7fd87c699b-lcrlq,142348532,45296,261.408047,10.288599294900386
2025-02-24 15:23:07.236332,1f4669df-f1ac-4f87-9eac-abf76b4e93cf,clever-tarek-w1,recommendationservice-7fd87c699b-lcrlq,142348532,45296,263.436881,10.368450930308803
2025-02-24 15:23:09.262652,1f4669df-f1ac-4f87-9eac-abf76b4e93cf,clever-tarek-w1,recommendationservice-7fd87c699b-lcrlq,142348532,45296,265.463201,10.44820361873022
2025-02-24 15:23:11.290597,1f4669df-f1ac-4f87-9eac-abf76b4e93cf,clever-tarek-w1,recommendationservice-7fd87c699b-lcrlq,142348532,45296,267.491146,10.52802026453186
2025-02-24 15:23:13.319145,1f4669df-f1ac-4f87-9eac-abf76b4e93cf,clever-tarek-w1,recommendationservice-7fd87c699b-lcrlq,142348532,45296,269.519694,10.607860643441356
2025-02-24 15:23:15.346566,1f4669df-f1ac-4f87-9eac-abf76b4e93cf,clever-tarek-w1,recommendationservice-7fd87c699b-lcrlq,142348532,45296,271.547115,10.687656665447772
2025-02-24 15:23:17.369689,1f4669df-f1ac-4f87-9eac-abf76b4e93cf,clever-tarek-w1,recommendationservice-7fd87c699b-lcrlq,142348532,45296,273.570238,10.767283525103307
2025-02-24 15:23:19.396451,1f4669df-f1ac-4f87-9eac-abf76b4e93cf,clever-tarek-w1,recommendationservice-7fd87c699b-lcrlq,154591059,45428,275.597,10.847053609932143
2025-02-24 15:23:21.420731,1f4669df-f1ac-4f87-9eac-abf76b4e93cf,clever-tarek-w1,recommendationservice-7fd87c699b-lcrlq,154591059,45428,277.62128,10.926726007242396
2025-02-24 15:23:23.449695,1f4669df-f1ac-4f87-9eac-abf76b4e93cf,clever-tarek-w1,recommendationservice-7fd87c699b-lcrlq,154591059,45428,279.650244,11.006582759241228
2025-02-24 15:23:25.470707,1f4669df-f1ac-4f87-9eac-abf76b4e93cf,clever-tarek-w1,recommendationservice-7fd87c699b-lcrlq,154591059,45428,281.671256,11.086126533340064
2025-02-24 15:23:27.496132,1f4669df-f1ac-4f87-9eac-abf76b4e93cf,clever-tarek-w1,recommendationservice-7fd87c699b-lcrlq,154591059,45428,283.696681,11.165843996004376
2025-02-24 15:23:29.520441,1f4669df-f1ac-4f87-9eac-abf76b4e93cf,clever-tarek-w1,recommendationservice-7fd87c699b-lcrlq,154591059,45428,285.72099,11.245517534707874
2025-02-24 15:23:31.550233,1f4669df-f1ac-4f87-9eac-abf76b4e93cf,clever-tarek-w1,recommendationservice-7fd87c699b-lcrlq,154591059,45428,287.750782,11.32540687545183
2025-02-24 15:23:33.578448,1f4669df-f1ac-4f87-9eac-abf76b4e93cf,clever-tarek-w1,recommendationservice-7fd87c699b-lcrlq,182368516,45636,289.778997,11.40523414801818
2025-02-24 15:23:35.604955,1f4669df-f1ac-4f87-9eac-abf76b4e93cf,clever-tarek-w1,recommendationservice-7fd87c699b-lcrlq,182368516,45636,291.805504,11.48499419645812
2025-02-24 15:23:37.631082,1f4669df-f1ac-4f87-9eac-abf76b4e93cf,clever-tarek-w1,recommendationservice-7fd87c699b-lcrlq,182368516,45636,293.831631,11.56473928871069
2025-02-24 15:23:39.656639,1f4669df-f1ac-4f87-9eac-abf76b4e93cf,clever-tarek-w1,recommendationservice-7fd87c699b-lcrlq,182368516,45636,295.857188,11.644461946682195
2025-02-24 15:23:41.681557,1f4669df-f1ac-4f87-9eac-abf76b4e93cf,clever-tarek-w1,recommendationservice-7fd87c699b-lcrlq,182368516,45636,297.882106,11.724159454643882
2025-02-24 15:23:43.709049,1f4669df-f1ac-4f87-9eac-abf76b4e93cf,clever-tarek-w1,recommendationservice-7fd87c699b-lcrlq,182368516,45636,299.909598,11.803958271095834
2025-02-24 15:23:45.730497,1f4669df-f1ac-4f87-9eac-abf76b4e93cf,clever-tarek-w1,recommendationservice-7fd87c699b-lcrlq,182368516,45636,301.931046,11.883519205451757
2025-02-24 15:23:47.756215,1f4669df-f1ac-4f87-9eac-abf76b4e93cf,clever-tarek-w1,recommendationservice-7fd87c699b-lcrlq,182368516,45636,303.956764,11.963248200123706
2025-02-24 15:23:49.783301,1f4669df-f1ac-4f87-9eac-abf76b4e93cf,clever-tarek-w1,recommendationservice-7fd87c699b-lcrlq,183643049,45932,305.98385,12.0430310370702
2025-02-24 15:23:51.811185,1f4669df-f1ac-4f87-9eac-abf76b4e93cf,clever-tarek-w1,recommendationservice-7fd87c699b-lcrlq,183643049,45932,308.011734,12.122845282010179
2025-02-24 15:23:53.838943,1f4669df-f1ac-4f87-9eac-abf76b4e93cf,clever-tarek-w1,recommendationservice-7fd87c699b-lcrlq,183643049,45932,310.039492,12.202654567793292
2025-02-24 15:23:55.860787,1f4669df-f1ac-4f87-9eac-abf76b4e93cf,clever-tarek-w1,recommendationservice-7fd87c699b-lcrlq,183643049,45932,312.061336,12.282231088070796
2025-02-24 15:23:57.889213,1f4669df-f1ac-4f87-9eac-abf76b4e93cf,clever-tarek-w1,recommendationservice-7fd87c699b-lcrlq,183643049,45932,314.089762,12.36206666525698
2025-02-24 15:23:59.914888,1f4669df-f1ac-4f87-9eac-abf76b4e93cf,clever-tarek-w1,recommendationservice-7fd87c699b-lcrlq,183643049,45932,316.115437,12.441793967518251
2025-02-24 15:24:01.935495,1f4669df-f1ac-4f87-9eac-abf76b4e93cf,clever-tarek-w1,recommendationservice-7fd87c699b-lcrlq,183643049,45932,318.136044,12.521321801470016
2025-02-24 15:24:03.958663,1f4669df-f1ac-4f87-9eac-abf76b4e93cf,clever-tarek-w1,recommendationservice-7fd87c699b-lcrlq,200111571,45900,320.159212,12.600950432253004
2025-02-24 15:24:05.982027,1f4669df-f1ac-4f87-9eac-abf76b4e93cf,clever-tarek-w1,recommendationservice-7fd87c699b-lcrlq,200111571,45900,322.182576,12.680586777280002
2025-02-24 15:24:08.003203,1f4669df-f1ac-4f87-9eac-abf76b4e93cf,clever-tarek-w1,recommendationservice-7fd87c699b-lcrlq,200111571,45900,324.203752,12.76013700615444
2025-02-24 15:24:10.025358,1f4669df-f1ac-4f87-9eac-abf76b4e93cf,clever-tarek-w1,recommendationservice-7fd87c699b-lcrlq,200111571,45900,326.225907,12.839725766890561
2025-02-24 15:24:12.048203,1f4669df-f1ac-4f87-9eac-abf76b4e93cf,clever-tarek-w1,recommendationservice-7fd87c699b-lcrlq,200111571,45900,328.248752,12.919341684914283
2025-02-24 15:24:14.070386,1f4669df-f1ac-4f87-9eac-abf76b4e93cf,clever-tarek-w1,recommendationservice-7fd87c699b-lcrlq,200111571,45900,330.270935,12.998931547685261
2025-02-24 15:24:16.093534,1f4669df-f1ac-4f87-9eac-abf76b4e93cf,clever-tarek-w1,recommendationservice-7fd87c699b-lcrlq,200111571,45900,332.294083,13.078559391300493
2025-02-24 15:24:18.118314,1f4669df-f1ac-4f87-9eac-abf76b4e93cf,clever-tarek-w1,recommendationservice-7fd87c699b-lcrlq,200111571,45900,334.318863,13.158251467804657
2025-02-24 15:24:20.142526,1f4669df-f1ac-4f87-9eac-abf76b4e93cf,clever-tarek-w1,recommendationservice-7fd87c699b-lcrlq,198797109,46212,336.343075,13.237921188744535
2025-02-24 15:24:22.161315,1f4669df-f1ac-4f87-9eac-abf76b4e93cf,clever-tarek-w1,recommendationservice-7fd87c699b-lcrlq,198797109,46212,338.361864,13.317377469147232
2025-02-24 15:24:24.186882,1f4669df-f1ac-4f87-9eac-abf76b4e93cf,clever-tarek-w1,recommendationservice-7fd87c699b-lcrlq,198797109,46212,340.387431,13.397100520702615
2025-02-24 15:24:26.209619,1f4669df-f1ac-4f87-9eac-abf76b4e93cf,clever-tarek-w1,recommendationservice-7fd87c699b-lcrlq,198797109,46212,342.410168,13.476712188020448
2025-02-24 15:24:28.233494,1f4669df-f1ac-4f87-9eac-abf76b4e93cf,clever-tarek-w1,recommendationservice-7fd87c699b-lcrlq,198797109,46212,344.434043,13.556368645183632
2025-02-24 15:24:30.256648,1f4669df-f1ac-4f87-9eac-abf76b4e93cf,clever-tarek-w1,recommendationservice-7fd87c699b-lcrlq,198797109,46212,346.457197,13.635996724949191
2025-02-24 15:24:32.281044,1f4669df-f1ac-4f87-9eac-abf76b4e93cf,clever-tarek-w1,recommendationservice-7fd87c699b-lcrlq,180884733,45808,348.481593,13.715673687832428
2025-02-24 15:24:34.306620,1f4669df-f1ac-4f87-9eac-abf76b4e93cf,clever-tarek-w1,recommendationservice-7fd87c699b-lcrlq,180884733,45808,350.507169,13.795397093613305
2025-02-24 15:24:36.333010,1f4669df-f1ac-4f87-9eac-abf76b4e93cf,clever-tarek-w1,recommendationservice-7fd87c699b-lcrlq,180884733,45808,352.533559,13.875152537121872
2025-02-24 15:24:38.358666,1f4669df-f1ac-4f87-9eac-abf76b4e93cf,clever-tarek-w1,recommendationservice-7fd87c699b-lcrlq,180884733,45808,354.559215,13.954879091573773
2025-02-24 15:24:40.386773,1f4669df-f1ac-4f87-9eac-abf76b4e93cf,clever-tarek-w1,recommendationservice-7fd87c699b-lcrlq,180884733,45808,356.587322,14.034702113434237
2025-02-24 15:24:42.413351,1f4669df-f1ac-4f87-9eac-abf76b4e93cf,clever-tarek-w1,recommendationservice-7fd87c699b-lcrlq,180884733,45808,358.6139,14.114464956319717
2025-02-24 15:24:44.439471,1f4669df-f1ac-4f87-9eac-abf76b4e93cf,clever-tarek-w1,recommendationservice-7fd87c699b-lcrlq,180884733,45808,360.64002,14.19420977306357
2025-02-24 15:24:46.462027,1f4669df-f1ac-4f87-9eac-abf76b4e93cf,clever-tarek-w1,recommendationservice-7fd87c699b-lcrlq,151242402,45996,362.662576,14.273814316513207
2025-02-24 15:24:48.488851,1f4669df-f1ac-4f87-9eac-abf76b4e93cf,clever-tarek-w1,recommendationservice-7fd87c699b-lcrlq,151242402,45996,364.6894,14.353586841562091
2025-02-24 15:24:50.516680,1f4669df-f1ac-4f87-9eac-abf76b4e93cf,clever-tarek-w1,recommendationservice-7fd87c699b-lcrlq,151242402,45996,366.717229,14.43339892179074
2025-02-24 15:24:52.544658,1f4669df-f1ac-4f87-9eac-abf76b4e93cf,clever-tarek-w1,recommendationservice-7fd87c699b-lcrlq,151242402,45996,368.745207,14.513216866419176
2025-02-24 15:24:54.567833,1f4669df-f1ac-4f87-9eac-abf76b4e93cf,clever-tarek-w1,recommendationservice-7fd87c699b-lcrlq,151242402,45996,370.768382,14.592845772710877
2025-02-24 15:24:56.594809,1f4669df-f1ac-4f87-9eac-abf76b4e93cf,clever-tarek-w1,recommendationservice-7fd87c699b-lcrlq,151242402,45996,372.795358,14.672624280234713
2025-02-24 15:24:58.619308,1f4669df-f1ac-4f87-9eac-abf76b4e93cf,clever-tarek-w1,recommendationservice-7fd87c699b-lcrlq,151242402,45996,374.819857,14.752305297031898
2025-02-24 15:25:00.647432,1f4669df-f1ac-4f87-9eac-abf76b4e93cf,clever-tarek-w1,recommendationservice-7fd87c699b-lcrlq,151242402,45996,376.847981,14.832128987984957
2025-02-24 15:25:02.667667,1f4669df-f1ac-4f87-9eac-abf76b4e93cf,clever-tarek-w1,recommendationservice-7fd87c699b-lcrlq,143129197,45812,378.868216,14.911642180616449
2025-02-24 15:25:04.691025,1f4669df-f1ac-4f87-9eac-abf76b4e93cf,clever-tarek-w1,recommendationservice-7fd87c699b-lcrlq,143129197,45812,380.891574,14.991278289493124
2025-02-24 15:25:06.718082,1f4669df-f1ac-4f87-9eac-abf76b4e93cf,clever-tarek-w1,recommendationservice-7fd87c699b-lcrlq,143129197,45812,382.918631,15.071059985046372
2025-02-24 15:25:08.744408,1f4669df-f1ac-4f87-9eac-abf76b4e93cf,clever-tarek-w1,recommendationservice-7fd87c699b-lcrlq,143129197,45812,384.944957,15.150812909618116
2025-02-24 15:25:10.765148,1f4669df-f1ac-4f87-9eac-abf76b4e93cf,clever-tarek-w1,recommendationservice-7fd87c699b-lcrlq,143129197,45812,386.965697,15.230345978235459
2025-02-24 15:25:12.792324,1f4669df-f1ac-4f87-9eac-abf76b4e93cf,clever-tarek-w1,recommendationservice-7fd87c699b-lcrlq,143129197,45812,388.992873,15.310132357436858
2025-02-24 15:25:14.818206,1f4669df-f1ac-4f87-9eac-abf76b4e93cf,clever-tarek-w1,recommendationservice-7fd87c699b-lcrlq,143129197,45812,391.018755,15.389867806884409
2025-02-24 15:25:16.852690,1f4669df-f1ac-4f87-9eac-abf76b4e93cf,clever-tarek-w1,recommendationservice-7fd87c699b-lcrlq,128546134,45964,393.053239,15.469941817184049
2025-02-24 15:25:18.873574,1f4669df-f1ac-4f87-9eac-abf76b4e93cf,clever-tarek-w1,recommendationservice-7fd87c699b-lcrlq,128546134,45964,395.074123,15.549480553409238
2025-02-24 15:25:20.892159,1f4669df-f1ac-4f87-9eac-abf76b4e93cf,clever-tarek-w1,recommendationservice-7fd87c699b-lcrlq,128546134,45964,397.092708,15.628928804700816
2025-02-24 15:25:22.918391,1f4669df-f1ac-4f87-9eac-abf76b4e93cf,clever-tarek-w1,recommendationservice-7fd87c699b-lcrlq,128546134,45964,399.11894,15.708678029584107
2025-02-24 15:25:24.943310,1f4669df-f1ac-4f87-9eac-abf76b4e93cf,clever-tarek-w1,recommendationservice-7fd87c699b-lcrlq,128546134,45964,401.143859,15.78837557690418
2025-02-24 15:25:26.967030,1f4669df-f1ac-4f87-9eac-abf76b4e93cf,clever-tarek-w1,recommendationservice-7fd87c699b-lcrlq,128546134,45964,403.167579,15.868025933517249
2025-02-24 15:25:28.992270,1f4669df-f1ac-4f87-9eac-abf76b4e93cf,clever-tarek-w1,recommendationservice-7fd87c699b-lcrlq,128546134,45964,405.192819,15.947736114879811
2025-02-24 15:25:31.018582,1f4669df-f1ac-4f87-9eac-abf76b4e93cf,clever-tarek-w1,recommendationservice-7fd87c699b-lcrlq,128546134,45964,407.219131,16.02748848843413
2025-02-24 15:25:33.045413,1f4669df-f1ac-4f87-9eac-abf76b4e93cf,clever-tarek-w1,recommendationservice-7fd87c699b-lcrlq,131774085,45868,409.245962,16.10726128899173
2025-02-24 15:25:35.066821,1f4669df-f1ac-4f87-9eac-abf76b4e93cf,clever-tarek-w1,recommendationservice-7fd87c699b-lcrlq,131774085,45868,411.26737,16.18682064901214
2025-02-24 15:25:37.094801,1f4669df-f1ac-4f87-9eac-abf76b4e93cf,clever-tarek-w1,recommendationservice-7fd87c699b-lcrlq,131774085,45868,413.29535,16.266638672357352
2025-02-24 15:25:39.120923,1f4669df-f1ac-4f87-9eac-abf76b4e93cf,clever-tarek-w1,recommendationservice-7fd87c699b-lcrlq,131774085,45868,415.321472,16.34638356781798
2025-02-24 15:25:41.148145,1f4669df-f1ac-4f87-9eac-abf76b4e93cf,clever-tarek-w1,recommendationservice-7fd87c699b-lcrlq,131774085,45868,417.348694,16.42617175750522
2025-02-24 15:25:43.166391,1f4669df-f1ac-4f87-9eac-abf76b4e93cf,clever-tarek-w1,recommendationservice-7fd87c699b-lcrlq,131774085,45868,419.36694,16.505606666303322
2025-02-24 15:25:45.191644,1f4669df-f1ac-4f87-9eac-abf76b4e93cf,clever-tarek-w1,recommendationservice-7fd87c699b-lcrlq,131774085,45868,421.392193,16.585317359324932
2025-02-24 15:25:47.218022,1f4669df-f1ac-4f87-9eac-abf76b4e93cf,clever-tarek-w1,recommendationservice-7fd87c699b-lcrlq,129139578,45688,423.418571,16.66507233053284
2025-02-24 15:25:49.240739,1f4669df-f1ac-4f87-9eac-abf76b4e93cf,clever-tarek-w1,recommendationservice-7fd87c699b-lcrlq,129139578,45688,425.441288,16.744683210682922
2025-02-24 15:25:51.262627,1f4669df-f1ac-4f87-9eac-abf76b4e93cf,clever-tarek-w1,recommendationservice-7fd87c699b-lcrlq,129139578,45688,427.463176,16.824261462729492
2025-02-24 15:25:53.284675,1f4669df-f1ac-4f87-9eac-abf76b4e93cf,clever-tarek-w1,recommendationservice-7fd87c699b-lcrlq,129139578,45688,429.485224,16.903846012118112
2025-02-24 15:25:55.309556,1f4669df-f1ac-4f87-9eac-abf76b4e93cf,clever-tarek-w1,recommendationservice-7fd87c699b-lcrlq,129139578,45688,431.510105,16.98354206381945
2025-02-24 15:25:57.335664,1f4669df-f1ac-4f87-9eac-abf76b4e93cf,clever-tarek-w1,recommendationservice-7fd87c699b-lcrlq,129139578,45688,433.536213,17.06328640826265
2025-02-24 15:25:59.360899,1f4669df-f1ac-4f87-9eac-abf76b4e93cf,clever-tarek-w1,recommendationservice-7fd87c699b-lcrlq,129139578,45688,435.561448,17.142996392833272
2025-02-24 15:26:01.384651,1f4669df-f1ac-4f87-9eac-abf76b4e93cf,clever-tarek-w1,recommendationservice-7fd87c699b-lcrlq,129139578,45688,437.5852,17.222648008914753
2025-02-24 15:26:03.411293,1f4669df-f1ac-4f87-9eac-abf76b4e93cf,clever-tarek-w1,recommendationservice-7fd87c699b-lcrlq,121389545,45736,439.611842,17.302413370737053
2025-02-24 15:26:05.437718,1f4669df-f1ac-4f87-9eac-abf76b4e93cf,clever-tarek-w1,recommendationservice-7fd87c699b-lcrlq,121389545,45736,441.638267,17.382170191789193
2025-02-24 15:26:07.461317,1f4669df-f1ac-4f87-9eac-abf76b4e93cf,clever-tarek-w1,recommendationservice-7fd87c699b-lcrlq,121389545,45736,443.661866,17.46181578603733
2025-02-24 15:26:09.487833,1f4669df-f1ac-4f87-9eac-abf76b4e93cf,clever-tarek-w1,recommendationservice-7fd87c699b-lcrlq,121389545,45736,445.688382,17.541576188702766
2025-02-24 15:26:11.514881,1f4669df-f1ac-4f87-9eac-abf76b4e93cf,clever-tarek-w1,recommendationservice-7fd87c699b-lcrlq,121389545,45736,447.71543,17.621357530030522
2025-02-24 15:26:13.538992,1f4669df-f1ac-4f87-9eac-abf76b4e93cf,clever-tarek-w1,recommendationservice-7fd87c699b-lcrlq,121389545,45736,449.739541,17.70102327577323
2025-02-24 15:26:15.560735,1f4669df-f1ac-4f87-9eac-abf76b4e93cf,clever-tarek-w1,recommendationservice-7fd87c699b-lcrlq,121389545,45736,451.761284,17.780595820853566
2025-02-24 15:26:17.588354,1f4669df-f1ac-4f87-9eac-abf76b4e93cf,clever-tarek-w1,recommendationservice-7fd87c699b-lcrlq,116695006,45872,453.788903,17.860399635820773
2025-02-24 15:26:19.615903,1f4669df-f1ac-4f87-9eac-abf76b4e93cf,clever-tarek-w1,recommendationservice-7fd87c699b-lcrlq,116695006,45872,455.816452,17.94020069570083
2025-02-24 15:26:21.640596,1f4669df-f1ac-4f87-9eac-abf76b4e93cf,clever-tarek-w1,recommendationservice-7fd87c699b-lcrlq,116695006,45872,457.841145,18.019889348025256
2025-02-24 15:26:23.663212,1f4669df-f1ac-4f87-9eac-abf76b4e93cf,clever-tarek-w1,recommendationservice-7fd87c699b-lcrlq,116695006,45872,459.863761,18.099496252978163
2025-02-24 15:26:25.682623,1f4669df-f1ac-4f87-9eac-abf76b4e93cf,clever-tarek-w1,recommendationservice-7fd87c699b-lcrlq,116695006,45872,461.883172,18.178977014298084
2025-02-24 15:26:27.707375,1f4669df-f1ac-4f87-9eac-abf76b4e93cf,clever-tarek-w1,recommendationservice-7fd87c699b-lcrlq,116695006,45872,463.907924,18.258667988767392
2025-02-24 15:26:29.732706,1f4669df-f1ac-4f87-9eac-abf76b4e93cf,clever-tarek-w1,recommendationservice-7fd87c699b-lcrlq,116695006,45872,465.933255,18.338381751743245
2025-02-24 15:26:31.757425,1f4669df-f1ac-4f87-9eac-abf76b4e93cf,clever-tarek-w1,recommendationservice-7fd87c699b-lcrlq,116695006,45872,467.957974,18.418071427385755
2025-02-24 15:26:33.783350,1f4669df-f1ac-4f87-9eac-abf76b4e93cf,clever-tarek-w1,recommendationservice-7fd87c699b-lcrlq,120381241,45988,469.983899,18.497808569243983
2025-02-24 15:26:35.809350,1f4669df-f1ac-4f87-9eac-abf76b4e93cf,clever-tarek-w1,recommendationservice-7fd87c699b-lcrlq,120381241,45988,472.009899,18.577548662981297
2025-02-24 15:26:37.835111,1f4669df-f1ac-4f87-9eac-abf76b4e93cf,clever-tarek-w1,recommendationservice-7fd87c699b-lcrlq,120381241,45988,474.03566,18.65727935006392
2025-02-24 15:26:39.857570,1f4669df-f1ac-4f87-9eac-abf76b4e93cf,clever-tarek-w1,recommendationservice-7fd87c699b-lcrlq,120381241,45988,476.058119,18.736880075749937
2025-02-24 15:26:41.883892,1f4669df-f1ac-4f87-9eac-abf76b4e93cf,clever-tarek-w1,recommendationservice-7fd87c699b-lcrlq,120381241,45988,478.084441,18.816632842888136
2025-02-24 15:26:43.910406,1f4669df-f1ac-4f87-9eac-abf76b4e93cf,clever-tarek-w1,recommendationservice-7fd87c699b-lcrlq,120381241,45988,480.110955,18.89639316683679
2025-02-24 15:26:45.936009,1f4669df-f1ac-4f87-9eac-abf76b4e93cf,clever-tarek-w1,recommendationservice-7fd87c699b-lcrlq,120381241,45988,482.136558,18.976117635294138
2025-02-24 15:26:47.960741,1f4669df-f1ac-4f87-9eac-abf76b4e93cf,clever-tarek-w1,recommendationservice-7fd87c699b-lcrlq,112175257,45748,484.16129,19.055807822595686
2025-02-24 15:26:49.991734,1f4669df-f1ac-4f87-9eac-abf76b4e93cf,clever-tarek-w1,recommendationservice-7fd87c699b-lcrlq,112175257,45748,486.192283,19.135744432763417
2025-02-24 15:26:52.016019,1f4669df-f1ac-4f87-9eac-abf76b4e93cf,clever-tarek-w1,recommendationservice-7fd87c699b-lcrlq,112175257,45748,488.216568,19.215417026865612
2025-02-24 15:26:54.044082,1f4669df-f1ac-4f87-9eac-abf76b4e93cf,clever-tarek-w1,recommendationservice-7fd87c699b-lcrlq,112175257,45748,490.244631,19.295238316957015
2025-02-24 15:26:56.067678,1f4669df-f1ac-4f87-9eac-abf76b4e93cf,clever-tarek-w1,recommendationservice-7fd87c699b-lcrlq,112175257,45748,492.268227,19.374883793129992
2025-02-24 15:26:58.094506,1f4669df-f1ac-4f87-9eac-abf76b4e93cf,clever-tarek-w1,recommendationservice-7fd87c699b-lcrlq,112175257,45748,494.295055,19.454656475612424
2025-02-24 15:27:00.120812,1f4669df-f1ac-4f87-9eac-abf76b4e93cf,clever-tarek-w1,recommendationservice-7fd87c699b-lcrlq,112175257,45748,496.321361,19.534408613016417
2025-02-24 15:27:02.147975,1f4669df-f1ac-4f87-9eac-abf76b4e93cf,clever-tarek-w1,recommendationservice-7fd87c699b-lcrlq,109898953,45756,498.348524,19.61419448055877
2025-02-24 15:27:04.172046,1f4669df-f1ac-4f87-9eac-abf76b4e93cf,clever-tarek-w1,recommendationservice-7fd87c699b-lcrlq,109898953,45756,500.372595,19.693858651965964
2025-02-24 15:27:06.200003,1f4669df-f1ac-4f87-9eac-abf76b4e93cf,clever-tarek-w1,recommendationservice-7fd87c699b-lcrlq,109898953,45756,502.400552,19.77367577006826
2025-02-24 15:27:08.229223,1f4669df-f1ac-4f87-9eac-abf76b4e93cf,clever-tarek-w1,recommendationservice-7fd87c699b-lcrlq,109898953,45756,504.429772,19.853542597814375
2025-02-24 15:27:10.255366,1f4669df-f1ac-4f87-9eac-abf76b4e93cf,clever-tarek-w1,recommendationservice-7fd87c699b-lcrlq,109898953,45756,506.455915,19.93328831980115
2025-02-24 15:27:12.281212,1f4669df-f1ac-4f87-9eac-abf76b4e93cf,clever-tarek-w1,recommendationservice-7fd87c699b-lcrlq,109898953,45756,508.481761,20.013022352346738
2025-02-24 15:27:14.309399,1f4669df-f1ac-4f87-9eac-abf76b4e93cf,clever-tarek-w1,recommendationservice-7fd87c699b-lcrlq,109898953,45756,510.509948,20.09284852287823
2025-02-24 15:27:16.330173,1f4669df-f1ac-4f87-9eac-abf76b4e93cf,clever-tarek-w1,recommendationservice-7fd87c699b-lcrlq,109898953,45756,512.530722,20.172382929680758
2025-02-24 15:27:18.355259,1f4669df-f1ac-4f87-9eac-abf76b4e93cf,clever-tarek-w1,recommendationservice-7fd87c699b-lcrlq,95612256,45636,514.555808,20.252087049851596
2025-02-24 15:27:20.377027,1f4669df-f1ac-4f87-9eac-abf76b4e93cf,clever-tarek-w1,recommendationservice-7fd87c699b-lcrlq,95612256,45636,516.577576,20.33166057889163
2025-02-24 15:27:22.404947,1f4669df-f1ac-4f87-9eac-abf76b4e93cf,clever-tarek-w1,recommendationservice-7fd87c699b-lcrlq,95612256,45636,518.605496,20.411476240733574
2025-02-24 15:27:24.431863,1f4669df-f1ac-4f87-9eac-abf76b4e93cf,clever-tarek-w1,recommendationservice-7fd87c699b-lcrlq,95612256,45636,520.632412,20.491252386754134
2025-02-24 15:27:26.459398,1f4669df-f1ac-4f87-9eac-abf76b4e93cf,clever-tarek-w1,recommendationservice-7fd87c699b-lcrlq,95612256,45636,522.659947,20.571052895616763
2025-02-24 15:27:28.488275,1f4669df-f1ac-4f87-9eac-abf76b4e93cf,clever-tarek-w1,recommendationservice-7fd87c699b-lcrlq,95612256,45636,524.688824,20.650906223435854
2025-02-24 15:27:30.513642,1f4669df-f1ac-4f87-9eac-abf76b4e93cf,clever-tarek-w1,recommendationservice-7fd87c699b-lcrlq,95612256,45636,526.714191,20.730621403313677
2025-02-24 15:27:32.542654,1f4669df-f1ac-4f87-9eac-abf76b4e93cf,clever-tarek-w1,recommendationservice-7fd87c699b-lcrlq,82647511,45652,528.743203,20.81048004451512
2025-02-24 15:27:34.568311,1f4669df-f1ac-4f87-9eac-abf76b4e93cf,clever-tarek-w1,recommendationservice-7fd87c699b-lcrlq,82647511,45652,530.76886,20.890206638325417
2025-02-24 15:27:36.594457,1f4669df-f1ac-4f87-9eac-abf76b4e93cf,clever-tarek-w1,recommendationservice-7fd87c699b-lcrlq,82647511,45652,532.795006,20.969952478387345
2025-02-24 15:27:38.624095,1f4669df-f1ac-4f87-9eac-abf76b4e93cf,clever-tarek-w1,recommendationservice-7fd87c699b-lcrlq,82647511,45652,534.824644,21.049835757939576
2025-02-24 15:27:40.650185,1f4669df-f1ac-4f87-9eac-abf76b4e93cf,clever-tarek-w1,recommendationservice-7fd87c699b-lcrlq,82647511,45652,536.850734,21.1295793939318
2025-02-24 15:27:42.673908,1f4669df-f1ac-4f87-9eac-abf76b4e93cf,clever-tarek-w1,recommendationservice-7fd87c699b-lcrlq,82647511,45652,538.874457,21.209229868620028
2025-02-24 15:27:44.699531,1f4669df-f1ac-4f87-9eac-abf76b4e93cf,clever-tarek-w1,recommendationservice-7fd87c699b-lcrlq,82647511,45652,540.90008,21.28895512424513
2025-02-24 15:27:46.725709,1f4669df-f1ac-4f87-9eac-abf76b4e93cf,clever-tarek-w1,recommendationservice-7fd87c699b-lcrlq,82647511,45652,542.926258,21.368702223775475
2025-02-24 15:27:48.753302,1f4669df-f1ac-4f87-9eac-abf76b4e93cf,clever-tarek-w1,recommendationservice-7fd87c699b-lcrlq,70233333,45784,544.953851,21.448505015424598
2025-02-24 15:27:50.781153,1f4669df-f1ac-4f87-9eac-abf76b4e93cf,clever-tarek-w1,recommendationservice-7fd87c699b-lcrlq,70233333,45784,546.981702,21.528317961537784
2025-02-24 15:27:52.807122,1f4669df-f1ac-4f87-9eac-abf76b4e93cf,clever-tarek-w1,recommendationservice-7fd87c699b-lcrlq,70233333,45784,549.007671,21.608056835165073
2025-02-24 15:27:54.832525,1f4669df-f1ac-4f87-9eac-abf76b4e93cf,clever-tarek-w1,recommendationservice-7fd87c699b-lcrlq,70233333,45784,551.033074,21.68777343194486
2025-02-24 15:27:56.859298,1f4669df-f1ac-4f87-9eac-abf76b4e93cf,clever-tarek-w1,recommendationservice-7fd87c699b-lcrlq,70233333,45784,553.059847,21.767543949715957
2025-02-24 15:27:58.880214,1f4669df-f1ac-4f87-9eac-abf76b4e93cf,clever-tarek-w1,recommendationservice-7fd87c699b-lcrlq,70233333,45784,555.080763,21.847083945409565
2025-02-24 15:28:00.908242,1f4669df-f1ac-4f87-9eac-abf76b4e93cf,clever-tarek-w1,recommendationservice-7fd87c699b-lcrlq,70233333,45784,557.108791,21.926903857957388
2025-02-24 15:28:02.935010,1f4669df-f1ac-4f87-9eac-abf76b4e93cf,clever-tarek-w1,recommendationservice-7fd87c699b-lcrlq,68466395,45668,559.135559,22.00667417893655
2025-02-24 15:28:04.961574,1f4669df-f1ac-4f87-9eac-abf76b4e93cf,clever-tarek-w1,recommendationservice-7fd87c699b-lcrlq,68466395,45668,561.162123,22.0864364708046
2025-02-24 15:28:06.982050,1f4669df-f1ac-4f87-9eac-abf76b4e93cf,clever-tarek-w1,recommendationservice-7fd87c699b-lcrlq,68466395,45668,563.182599,22.16595914880756
2025-02-24 15:28:09.009037,1f4669df-f1ac-4f87-9eac-abf76b4e93cf,clever-tarek-w1,recommendationservice-7fd87c699b-lcrlq,68466395,45668,565.209586,22.245738089273658
2025-02-24 15:28:11.037101,1f4669df-f1ac-4f87-9eac-abf76b4e93cf,clever-tarek-w1,recommendationservice-7fd87c699b-lcrlq,68466395,45668,567.23765,22.325559418723447
2025-02-24 15:28:13.064967,1f4669df-f1ac-4f87-9eac-abf76b4e93cf,clever-tarek-w1,recommendationservice-7fd87c699b-lcrlq,68466395,45668,569.265516,22.40537295521245
2025-02-24 15:28:15.092349,1f4669df-f1ac-4f87-9eac-abf76b4e93cf,clever-tarek-w1,recommendationservice-7fd87c699b-lcrlq,68466395,45668,571.292898,22.48516744224174
2025-02-24 15:28:17.119453,1f4669df-f1ac-4f87-9eac-abf76b4e93cf,clever-tarek-w1,recommendationservice-7fd87c699b-lcrlq,68466395,45668,573.320002,22.564950987639214
2025-02-24 15:28:19.144700,1f4669df-f1ac-4f87-9eac-abf76b4e93cf,clever-tarek-w1,recommendationservice-7fd87c699b-lcrlq,57533957,45656,575.345249,22.644661444510493
2025-02-24 15:28:21.169350,1f4669df-f1ac-4f87-9eac-abf76b4e93cf,clever-tarek-w1,recommendationservice-7fd87c699b-lcrlq,57533957,45656,577.369899,22.72434840442424
2025-02-24 15:28:23.194196,1f4669df-f1ac-4f87-9eac-abf76b4e93cf,clever-tarek-w1,recommendationservice-7fd87c699b-lcrlq,57533957,45656,579.394745,22.804043078581998
2025-02-24 15:28:25.220902,1f4669df-f1ac-4f87-9eac-abf76b4e93cf,clever-tarek-w1,recommendationservice-7fd87c699b-lcrlq,57533957,45656,581.421451,22.883810959341123
2025-02-24 15:28:27.246211,1f4669df-f1ac-4f87-9eac-abf76b4e93cf,clever-tarek-w1,recommendationservice-7fd87c699b-lcrlq,57533957,45656,583.44676,22.96352385643245
2025-02-24 15:28:29.271198,1f4669df-f1ac-4f87-9eac-abf76b4e93cf,clever-tarek-w1,recommendationservice-7fd87c699b-lcrlq,57533957,45656,585.471747,23.043224080122894
2025-02-24 15:28:31.293426,1f4669df-f1ac-4f87-9eac-abf76b4e93cf,clever-tarek-w1,recommendationservice-7fd87c699b-lcrlq,57533957,45656,587.493975,23.122815714021325
2025-02-24 15:28:33.318803,1f4669df-f1ac-4f87-9eac-abf76b4e93cf,clever-tarek-w1,recommendationservice-7fd87c699b-lcrlq,55113687,45532,589.519352,23.202531287483023
2025-02-24 15:28:35.345039,1f4669df-f1ac-4f87-9eac-abf76b4e93cf,clever-tarek-w1,recommendationservice-7fd87c699b-lcrlq,55113687,45532,591.545588,23.282280669799864
2025-02-24 15:28:37.371700,1f4669df-f1ac-4f87-9eac-abf76b4e93cf,clever-tarek-w1,recommendationservice-7fd87c699b-lcrlq,55113687,45532,593.572249,23.36204677943153
2025-02-24 15:28:39.399078,1f4669df-f1ac-4f87-9eac-abf76b4e93cf,clever-tarek-w1,recommendationservice-7fd87c699b-lcrlq,55113687,45532,595.599627,23.441841109027273
2025-02-24 15:28:41.425853,1f4669df-f1ac-4f87-9eac-abf76b4e93cf,clever-tarek-w1,recommendationservice-7fd87c699b-lcrlq,55113687,45532,597.626402,23.52161170551515
2025-02-24 15:28:43.447536,1f4669df-f1ac-4f87-9eac-abf76b4e93cf,clever-tarek-w1,recommendationservice-7fd87c699b-lcrlq,55113687,45532,599.648085,23.601181889092217
2025-02-24 15:28:45.474479,1f4669df-f1ac-4f87-9eac-abf76b4e93cf,clever-tarek-w1,recommendationservice-7fd87c699b-lcrlq,55113687,45532,601.675028,23.68095909778925
2025-02-24 15:28:47.501656,1f4669df-f1ac-4f87-9eac-abf76b4e93cf,clever-tarek-w1,recommendationservice-7fd87c699b-lcrlq,50512222,45600,603.702205,23.760745516349036
2025-02-24 15:28:49.528896,1f4669df-f1ac-4f87-9eac-abf76b4e93cf,clever-tarek-w1,recommendationservice-7fd87c699b-lcrlq,50512222,45600,605.729445,23.84053441448726
2025-02-24 15:28:51.556240,1f4669df-f1ac-4f87-9eac-abf76b4e93cf,clever-tarek-w1,recommendationservice-7fd87c699b-lcrlq,50512222,45600,607.756789,23.920327405897808
2025-02-24 15:28:53.580525,1f4669df-f1ac-4f87-9eac-abf76b4e93cf,clever-tarek-w1,recommendationservice-7fd87c699b-lcrlq,50512222,45600,609.781074,24.0
